filename	question	answer	sources
deutschland.pdf	How does the robustness of the agribusiness be improved?	The robustness of the agribusiness can be improved by ensuring and stabilizing adequate farm incomes and remuneration for those working in agriculture, especially focusing on small and medium-sized farms, as well as young farmers. This includes increasing agricultural productivity, rewarding contributions to the common good, promoting the use of innovative technologies, supporting the processing and trade of agricultural goods and food, enhancing the market and future orientation of rural businesses, and increasing the value-added share at the primary production level of food. Additionally, participation in producer groups, local markets, short supply chains, and quality schemes is encouraged. Collaboration between research, development, and practice through initiatives like the European Innovation Partnership for Agricultural Productivity and Sustainability (EIP-AGRI) is also important. Furthermore, a significant portion of funding from the European Agricultural Fund for Rural Development (ELER) is allocated to sustainable natural resource management and enhancing the competitiveness of agriculture to improve the attractiveness of rural areas.	[Document(page_content='SEITE 16 VON 36    Gleic hzeitig soll die Krisenfestigkeit des gesamten Agribusiness verbessert werden.\n\nDies gilt insbe - sondere vor dem Hintergrund der Erfahrungen aus der Covid -19 Pandemie.\n\nWichtige Ansatzstellen sind insbesondere:   → Absicherung und Stabilisierung angemessener Bet riebseinkommen und Entgelte für die in der  Landwirtschaft tätigen Personen unter besonderer Berücksichtigung kleiner und mittlerer Betriebs - größen  sowie von Junglandwirtinnen und Junglandwirten  auch um damit langfristig die  Ernährungssicherheit zu verbessern ,  → höhere Produktivität der landwirtschaftlichen Produktion und Honorierung von Leistungen für das  Gemein wohl  (z.', metadata={'author': 'BMEL', 'chunk': 0, 'filename': 'deutschland.pdf', 'page_number': 16, 'source': 'p16-0', 'title': 'Kurzfassung GAP-SP'}), Document(page_content='Für die Resilienz der Landwirtschaft und de r ländlichen Unternehmen ist deren Markt - und Zu - kunftsorientierung ein maßgeblicher Faktor .\n\nUm die  landw irtschaftliche Produktivität und Ressourcen - effizienz zu steigern, wird z.\n\nB. die Nutzung  von innovativen, zukunftsgerichteten Technologien sowie die  Weiterverarbeitung von und der Handel mit Agrargütern und Lebensmitteln geförder t. Hierbei sichert  insbes ondere eine ökologisch nachhaltige Agrarwirtschaft auch mittelfristig die Nahrungs - mittelerzeugung .\n\nDie landwirtschaftliche Produktion ist nicht losgelöst von den übrigen Teilen der Wertschö pfungs kette  zu sehen.\n\nInsgesamt ist eine Verbesserung der Position der Landwirt innen und Landwirte  in der  Wertschöpfungskette erforderlich.\n\nDaher soll der Wertschöpfungsanteil auf Ebene der  Primärproduktion  von Lebensmitteln gesteigert werden.\n\nDazu gehören beispielsweise Fördermaßnah - men zum Aufbau regionaler Wer tschöpfungsketten.', metadata={'author': 'BMEL', 'chunk': 1, 'filename': 'deutschland.pdf', 'page_number': 15, 'source': 'p15-1', 'title': 'Kurzfassung GAP-SP'}), Document(page_content='Daher soll der Wertschöpfungsanteil auf Ebene der  Primärproduktion  von Lebensmitteln gesteigert werden.\n\nDazu gehören beispielsweise Fördermaßnah - men zum Aufbau regionaler Wer tschöpfungsketten.\n\nEs wird angestrebt, dass bis zu ein Fünftel der  landwirtschaftlichen Betriebe an von der GAP geförderten Erzeugergemeinschaften, Erzeuger - organisationen, lokalen Märkten, kurzen Versorgungsketten und Qualitätsregelungen teilnehmen.', metadata={'author': 'BMEL', 'chunk': 2, 'filename': 'deutschland.pdf', 'page_number': 15, 'source': 'p15-2', 'title': 'Kurzfassung GAP-SP'}), Document(page_content='Nachhaltigkeit, AUKM .\n\n→ Europäische Innovationspartnerschaft für landwirtschaftliche Produktivität und Nachhaltigkeit  (EIP -AGRI ) durch Zusammenarbeit zwischen Forschung, Entwicklung und Praxis .\n\n→ Beratungsdienste: Beratung und Einrichtung von Diensten .\n\n→ Qualifizierung, Demonstrationsvorhaben, Wissensaustausch.\n\nEntsprechend der allgemeinen Ziele der GAP -Strategieplan -Verordnung  planen die Länder den  Mitteleinsatz im ELER mit mehr als der Hälfte für die nachhaltige Nutzung natürlicher Ressourcen.\n\nZur  Steigerung der Attraktivität ländlicher Räume sollen gut ein Viertel der Mittel eingesetzt werden.\n\n17 %  der eingeplanten Finanzmittel orientieren sich am Ziel der Steigerung der Wettbewerbsfähigkeit der   Landwirtschaft .', metadata={'author': 'BMEL', 'chunk': 2, 'filename': 'deutschland.pdf', 'page_number': 32, 'source': 'p32-2', 'title': 'Kurzfassung GAP-SP'})]
nederland.pdf	How does the robustness of the agribusiness be improved?	The robustness of the agribusiness can be improved by increasing the earning capacity and resilience of farmers, transitioning to sustainable agricultural models and methods, providing support for the development of business plans, investing in digitalization to reduce the emission of pesticides and fertilizers, restoring landscape elements, adapting production to niche markets, supporting the vegetable and fruit sector, providing weather insurance to compensate for crop losses due to extreme weather conditions, and promoting knowledge sharing, innovation, and digitalization in the agricultural sector.	[Document(page_content='Daarom is het belangrijk dat landbouwers hun verdiencapaciteit en veerkracht vergroten en de  omslag naar duurzame landbouwmodellen en -methoden maken.\n\nEr zal bijvoorbeeld steun  beschikbaar zijn voor de ontwikkeling van bedrijfsplannen, voor investeringen in digitalisering met het oog op het verminderen van de emissie van pesti ciden en meststoffen in waterwegen, voor het  herstel en de ontwikkeling van landschapselementen of voor de aanpassing van de productie van  landbouwbedrijven aan nichemarkten.\n\nOngeveer 8  % van de landbouwbedrijven in Nederland zal  investeringssteun ontvange n voor modernisering.\n\nHet plan zal ook steun verlenen aan  de groente - en fruitsector , voornamelijk via de erkende  producentenorganisaties, en aan de bijenteeltsector.\n\n\uf0e8 Het plan zal jaarlijks 17,5 miljoen euro beschikbaar stellen aan landbouwers voor weersverzekeringen.\n\nOp die manier zullen landbouwers kunnen worden gecompenseerd  als hun oogst verloren gaat door extreme droogte of wateroverlast.', metadata={'author': 'PALADINI Laura (AGRI)', 'chunk': 2, 'filename': 'nederland.pdf', 'page_number': 3, 'source': 'p3-2', 'title': 'In een notendop: HET STRATEGISCH GLB-PLAN NEDERLAND'}), Document(page_content='Op die manier zullen landbouwers kunnen worden gecompenseerd  als hun oogst verloren gaat door extreme droogte of wateroverlast.\n\n\uf0e8 Met naar verwachting 1 800 deelnemende landbouwbedrijven zijn producentenorganisaties  voor de Nederlandse groente - en fruitsector van groot belang om de handelswaarde en de  kwaliteit van de producten te verhogen.', metadata={'author': 'PALADINI Laura (AGRI)', 'chunk': 3, 'filename': 'nederland.pdf', 'page_number': 3, 'source': 'p3-3', 'title': 'In een notendop: HET STRATEGISCH GLB-PLAN NEDERLAND'}), Document(page_content='Voor veel Nederlandse  landbouwers is GLB- steun een belangrijk onderdeel van hun inkomen.\n\nBijgevolg is de eerlijke  verdeling van financiële steun een van de belangrijkste economische doelstellingen van  het plan : Nederland streeft ernaar geld te herverdelen van grote naar kleine en middelgrote  landbouwbedrijven.\n\nLandbouwers zullen daarom voor de eerste 40 hectare een hogere premie per hectare ontvangen.\n\nHet Nederlandse plan mikt op een landbouwsector die toonaangevend is voor de landbouw in de EU  en in staat is in te spelen op wijzigende omstandigheden en de veranderende marktvraag .\n\nDaarom is het belangrijk dat landbouwers hun verdiencapaciteit en veerkracht vergroten en de  omslag naar duurzame landbouwmodellen en -methoden maken.', metadata={'author': 'PALADINI Laura (AGRI)', 'chunk': 1, 'filename': 'nederland.pdf', 'page_number': 3, 'source': 'p3-1', 'title': 'In een notendop: HET STRATEGISCH GLB-PLAN NEDERLAND'}), Document(page_content='3.\n\nKENNISDELING, INNOVATIE EN DIGITALISERING   Nederland heeft een goed gestructureerde aanpak voor het bevorderen van kennis en innovatie  in de landbouw en plattelandsgebieden  door particuliere partijen.\n\nDeze aanpak zal echter worden  omgevormd tot een onpartijdig adviessysteem dat voorziet in opleidin gs- en adviesactiviteiten voor  landbouwers om hen te helpen nieuwe uitdagingen het hoofd te bieden.\n\nInnovatie speelt een belangrijke rol bij de overgang naar duurzame landbouw.\n\nDaarom zullen  innovatieprojecten, zoals die in het kader van het Europees innovatiepartnerschap (EIP), een  belangrijke rol spelen en door het plan worden ondersteund.\n\n\uf0e8 Elke landbouwer ontvangt een voucher voor een vast bedrag van 1 750 EUR voor opleiding.', metadata={'author': 'PALADINI Laura (AGRI)', 'chunk': 0, 'filename': 'nederland.pdf', 'page_number': 6, 'source': 'p6-0', 'title': 'In een notendop: HET STRATEGISCH GLB-PLAN NEDERLAND'})]
review	How does the robustness of the agribusiness be improved?	To improve the robustness of agribusiness, some strategies could include diversifying crops or products to reduce reliance on a single commodity, investing in technology and innovation to increase efficiency and productivity, implementing sustainable practices to mitigate environmental risks, building strong relationships with suppliers and buyers to ensure stability in the supply chain, and having contingency plans in place for potential disruptions such as extreme weather events or market fluctuations.	[]
deutschland.pdf	What measures are taken to mitigate climate change?	"Some of the measures taken to mitigate climate change in the context provided include:
- Reducing agricultural greenhouse gas emissions
- Increasing energy efficiency in agriculture, buildings, and technologies to save fossil fuels
- Enhancing sustainable carbon storage in soils and biogenic materials
- Supporting peatland conservation
- Strengthening renewable energy sources
- Improving flood protection, coastal protection, and natural water retention
- Expanding organic farming areas
- Enhancing surface water quality by reducing nutrient inputs
- Implementing site-specific soil management practices
- Reducing ammonia emissions
- Implementing agricultural environmental and climate measures

These measures are part of the Green Architecture framework within the national GAP strategy plan to increase environmental ambitions."	[Document(page_content='SEITE 24 VON 36    Deutschland überschreitet diesen Mindestanteil mit insgesamt rd.\n\n50  % im Durchschnitt der Förderpe - riode deutlich.\n\nHinzu kommt, dass durch einen Transfer früherer Agrarumwelt - und Klimamaßnahmen  als Öko -Regelungen in die 1.\n\nSäule nun Finanzmittel in der 2.\n\nSäule frei werden, die für andere, qualitativ  hochwertigere Maßnahmen i n größerem Umfang eingesetzt werden können.\n\nDadurch kann auch eine  qualitative Steigerung des Umwelt - und Klimaambitionsniveaus der 2.\n\nSäule erzielt werden.\n\nSo planen  die Länder in der 2.\n\nSäule beispielsweise einen Ausbau von Fördermaßnahmen zur Verbesseru ng des  Klimaschutzes, eine Stärkung von Interventionen im Bereich Vertragsnaturschutz, höhere Anreize zur  Umwandlung von Ackerland in Grünland – insbesondere in Überflutungsauen und auf Moorflächen , die  Neuanlage von Agroforstsystemen  etc.', metadata={'author': 'BMEL', 'chunk': 0, 'filename': 'deutschland.pdf', 'page_number': 24, 'source': 'p24-0', 'title': 'Kurzfassung GAP-SP'}), Document(page_content='Wichtige Ansatzstellen sind insbesondere:   → Minderung landwirtschaftlicher T reibhausgas -Emissionen,   → Steigerung der Energieeffizienz der Landbewirtschaftung, von Gebäuden, Anlagen und Technologien  zur Einsparung fossiler Energieträger,   → Stärkung der nachhaltigen Kohlenstoffspeicherung in Böden sowie in Baustoffen und anderen  Materialien biogenen Ursprungs ,   → Unterstützung des Moorbodenschutzes,   → Stärkung erneuerbarer Energieträger,   → Hochwasserschutz, Küstenschutz und Verbesserung des natürlichen Wasserrückhalts ,  → Ausbau der Anbauflächen des ökologischen Landbaus unter Berücksichtigung des Ziels der  Bundesregie rung für einen Anteil von mind estens 30 % bis 2030 ,  → Verbesserung des Zustands der Oberflächengewässer durch Verringerung der Nährstoffein träge von  Nitrat und Phosphor, Verringerung der Stickstoffüberschüsse in der Gesamtbilanz für Deutschland  gemäß der De utschen Nachhaltigkeitsstrategie auf 70 kg N / Hektar LN / Jahr im Mittel der Jahre  2028 bis 2032; hier wird das novellierte Düngerecht eine ausreichende Grundlage schaffen, dass  diese Ziele erreicht werden,   → standortangepasste Humuswirtschaft landwirtschaf tlicher Betriebe, hohe Strukturvielfalt in der  Landschaft,   → Reduktion der Ammoniak -Emissionen um 29 % bis 2030 ( im Vgl.', metadata={'author': 'BMEL', 'chunk': 3, 'filename': 'deutschland.pdf', 'page_number': 18, 'source': 'p18-3', 'title': 'Kurzfassung GAP-SP'}), Document(page_content='dem entgangenen  Nutzen , wobei a uch das Ziel der jeweiligen Maßnahme berücksichtigt werden kann .\n\nEntsprechend de n EU-rechtlichen Regelungen müssen mindestens 25 % der Direktzahlungsmittel für  Öko -Regelungen bereitgestellt werden.\n\nIn einem begrenz ten Umfang besteht auch die Möglichkeit,  Leistungen aus einer besonders starken Anwendung von Agrarumwelt - und Klimamaßnahmen der 2.\n\nSäule auf diesen Mindestprozentsatz anzurechnen.\n\nDavon macht Deutschland im Umfang von 2  % der  Direktzahlungsmittel Gebrauch.\n\nDie Agrarumwelt - und Klimamaßnahmen  wie auch die Förderung des Ökolandbaus der 2.\n\nSäule (AUKM)  bilden den dritten Grundpfeiler der grünen Architektur.\n\nHier handelt es sich um ambitionierte, regional  angepasste Förderma ßnahmen, die im Rahmen des nationalen GAP -Strategieplans von den Ländern  ausgestaltet und umgesetzt werden.\n\nAuch hier gilt: Förderfähig ist nur, was über die „erweiterte  Konditionalität “ hinausgeht.', metadata={'author': 'BMEL', 'chunk': 1, 'filename': 'deutschland.pdf', 'page_number': 21, 'source': 'p21-1', 'title': 'Kurzfassung GAP-SP'}), Document(page_content='Säule) sowie die Agrarumwelt - und Klima maßnahmen der 2.\n\nSäule.\n\nZiel der Grünen Architektur ist es, das Umweltambi tionsnive au des GAP -Strategieplans insgesamt zu  steigern.\n\nAus diesem Grund werden im GAP -Strategieplan vielfältige Möglich keiten zur Kombination  unterschiedlicher Agrarumweltmaßnahmen, einschließlich der Öko -Landbauförderung, untereinander  wie auch ihre Kombinatio n mit Öko-Regelungen der 1.\n\nSäule  angeboten .\n\nDas Verbot der  Doppelförderung wird  dabei jeweils berücksichtig t.   Der deutsche GAP -Strategieplan greift gesellschaftliche Erwartungen an die Landwirtschaft in Bezug auf  höhere Umweltleistungen auf.\n\nBis z um Ende  der Förderperiode in 2027 soll rd.\n\njeder zweite Euro der  gesamten Mittel im GAP -Strategieplan für umwelt - und klimabezogene Ziele gemäß der GAP - Strategieplan -Verordnung eingesetzt werden.\n\nDies ist ein deutlich höherer Anteil als in der  Förderperiode 2014 – 2022.', metadata={'author': 'BMEL', 'chunk': 1, 'filename': 'deutschland.pdf', 'page_number': 20, 'source': 'p20-1', 'title': 'Kurzfassung GAP-SP'})]
nederland.pdf	What measures are taken to mitigate climate change?	"To mitigate climate change, the Netherlands' plan includes various measures such as:

1. Increasing the water level in peat meadows to reduce greenhouse gas emissions.
2. Expanding the area used for organic farming.
3. Encouraging and supporting farmers to adopt agricultural methods that protect the soil and reduce the use of nutrients and pesticides.
4. Improving the quality of water bodies on agricultural land by supporting biological pest control and cultivating crops that require fewer fertilizers.
5. Providing support for farmers to develop business plans, invest in digitalization to reduce pesticide and fertilizer emissions, restore landscape elements, and adapt production to niche markets.
6. Offering investment support for modernization to about 8% of agricultural businesses.
7. Supporting the vegetable and fruit sector through recognized producer organizations and the beekeeping sector.
8. Providing annual funding of 17.5 million euros to farmers for weather insurance to compensate for crop losses due to extreme drought or waterlogging."	[Document(page_content='Voor het eerst wordt in elk GLB- plan een strategie vastgesteld di e alle belangrijke door het GLB gefinancierde  instrumenten bestrijkt: rechtstreekse betalingen, steun voor plattelandsontwikkeling en interventies die specifiek zijn voor bepaalde marktsectoren.\n\nIn de behoeften van plattelandsgebieden zal ook worden voorzien met andere EU- instrumenten, zoals de  herstel - en veerkrachtfaciliteit (RRF) of de Europese structuur-  en investeringsfondsen (ESIF).\n\nDe gevolgen van zowel de Russische agressie tegen Oekraïne als de extreme weersomstandigheden die met  de klimaatverandering gepaard gaan onderstrepen het integrale verband tussen voedselzekerheid en de behoefte aan een omslag naar duurzame en veerkrachtige voedselsystemen.', metadata={'author': 'PALADINI Laura (AGRI)', 'chunk': 1, 'filename': 'nederland.pdf', 'page_number': 2, 'source': 'p2-1', 'title': 'In een notendop: HET STRATEGISCH GLB-PLAN NEDERLAND'}), Document(page_content='2.2 EEN GROENER GLB   Nederland staat voor grote uitdagingen op  het gebied van milieu -, biodiversiteits-  en  klimaatgerelateerde doelstellingen.\n\nHet  Nederlandse plan speelt een cruciale rol bij  de ondersteuning van de nationale  doelstellingen om de hoge stikstofemissies  aan te pakken en de biodiversiteit in stand te houden en te herstellen.\n\nNederland zal strengere landbouw - en milieuvoorwaarden toepassen op meer dan 96  % van zijn  landbouwareaal.\n\nIn bufferzones langs waterlopen wordt het gebruik van alle soorten meststoffen en  gewasbeschermingsmiddelen beperkt.\n\nHierdoor zullen minder nutri ënten en pesticiden weglekken  naar water.\n\nOm de biodiversiteit in stand te houden en te herstellen, zal  een minimumaandeel grond worden bestemd voor de bescherming van  gebieden die waardevol zijn voor de biodiversiteit , zoals heggen of  kleine vijvers.', metadata={'author': 'PALADINI Laura (AGRI)', 'chunk': 0, 'filename': 'nederland.pdf', 'page_number': 4, 'source': 'p4-0', 'title': 'In een notendop: HET STRATEGISCH GLB-PLAN NEDERLAND'}), Document(page_content='Het plan zal 174 miljoen euro specifiek gebru iken om het  waterpeil van veenweiden te verhogen, wat gunstig is voor het klimaat  omdat het de uitstoot van broeikasgassen verlaagt.\n\nHet Nederlandse plan  is er ook op gericht het areaal dat voor biologische landbouw wordt  gebruikt tot 1 18 061 hectare uit t e breiden.\n\nOngeveer 964 miljoen euro zal op meer dan 1,5 miljoen hectare worden  gebruikt om landbouwers aan te moedigen en te ondersteunen om  landbouwmethoden toe te passen die de bodem beschermen en het  gebruik van nutriënten e n pesticiden verminderen en/of niet - productieve gewassen aan te planten.\n\nDe kwaliteit van waterlichamen zal op 58 % van het landbouwareaal worden verbeterd door bijvoorbeeld ondersteuning te verlenen voor  de biologische bestrijding van plagen en de teelt van gewassen die minder meststoffen nodig hebben.\n\n\uf0e8 Nederland is een belangrijk gebied voor verschillende soorten weidevogels.', metadata={'author': 'PALADINI Laura (AGRI)', 'chunk': 1, 'filename': 'nederland.pdf', 'page_number': 4, 'source': 'p4-1', 'title': 'In een notendop: HET STRATEGISCH GLB-PLAN NEDERLAND'}), Document(page_content='Daarom is het belangrijk dat landbouwers hun verdiencapaciteit en veerkracht vergroten en de  omslag naar duurzame landbouwmodellen en -methoden maken.\n\nEr zal bijvoorbeeld steun  beschikbaar zijn voor de ontwikkeling van bedrijfsplannen, voor investeringen in digitalisering met het oog op het verminderen van de emissie van pesti ciden en meststoffen in waterwegen, voor het  herstel en de ontwikkeling van landschapselementen of voor de aanpassing van de productie van  landbouwbedrijven aan nichemarkten.\n\nOngeveer 8  % van de landbouwbedrijven in Nederland zal  investeringssteun ontvange n voor modernisering.\n\nHet plan zal ook steun verlenen aan  de groente - en fruitsector , voornamelijk via de erkende  producentenorganisaties, en aan de bijenteeltsector.\n\n\uf0e8 Het plan zal jaarlijks 17,5 miljoen euro beschikbaar stellen aan landbouwers voor weersverzekeringen.\n\nOp die manier zullen landbouwers kunnen worden gecompenseerd  als hun oogst verloren gaat door extreme droogte of wateroverlast.', metadata={'author': 'PALADINI Laura (AGRI)', 'chunk': 2, 'filename': 'nederland.pdf', 'page_number': 3, 'source': 'p3-2', 'title': 'In een notendop: HET STRATEGISCH GLB-PLAN NEDERLAND'})]
review	What measures are taken to mitigate climate change?	Measures taken to mitigate climate change include reducing greenhouse gas emissions through policies like carbon pricing, investing in renewable energy sources, promoting energy efficiency, protecting forests and other natural carbon sinks, implementing sustainable agriculture practices, and encouraging public transportation and electric vehicles. Additionally, international agreements like the Paris Agreement aim to coordinate global efforts to address climate change.	[]
