question	answer
What kind of pollution does the country describe in the text? Describe all the pollution types that are found in the text.	"The text provides descriptions of various types of pollution across different countries. Here's a synthesis and clustering of the pollution types mentioned:

### Clusters of Pollution Types:

1. **Agricultural Pollution**:
   - **Nutrient Pollution**: Commonly mentioned in countries like Austria, Azerbaijan, Bangladesh, Benin, Botswana, Chad, China, Costa Rica, Democratic Republic of the Congo, Fiji, India, Ireland, Kenya, Lebanon, Luxembourg, Madagascar, Morocco, Mozambique, Nepal, Nigeria, Pakistan, Panama, Papua New Guinea, Philippines, Republic of Korea, Republic of Moldova, Russian Federation, Sudan, Tunisia, United Kingdom, United Republic of Tanzania, Uruguay, Uzbekistan, Yemen.
   - **Pesticide Pollution**: Noted in countries such as Austria, Azerbaijan, Bangladesh, Benin, Botswana, Burundi, Cameroon, Canada, Costa Rica, Democratic Republic of the Congo, Egypt, Eswatini, Fiji, France, Gabon, Ghana, India, Indonesia, Iran, Ireland, Japan, Jordan, Kenya, Lebanon, Luxembourg, Madagascar, Morocco, Mozambique, Nepal, Nigeria, Pakistan, Panama, Papua New Guinea, Philippines, Republic of Korea, Russian Federation, Sudan, Togo, Tunisia, United Kingdom, United Republic of Tanzania, Uruguay, Uzbekistan, Yemen.

2. **Plastic Pollution**:
   - Mentioned in countries like Algeria, Angola, Australia, Azerbaijan, Bangladesh, Benin, Bhutan, Bolivia, Botswana, Burundi, Cabo Verde, Cameroon, Canada, Central African Republic, Chad, Chile, China, Comoros, Costa Rica, Côte d'Ivoire, Democratic Republic of the Congo, Djibouti, Dominican Republic, Egypt, Equatorial Guinea, Eritrea, Eswatini, Ethiopia, European Union, Fiji, Finland, France, Gabon, Ghana, Honduras, Hungary, India, Indonesia, Iran, Israel, Japan, Jordan, Kenya, Lao People's Democratic Republic, Lebanon, Lesotho, Liberia, Luxembourg, Madagascar, Malaysia, Malta, Marshall Islands, Mexico, Mongolia, Morocco, Mozambique, Myanmar, Namibia, Nauru, Nepal, Netherlands, New Zealand, Nicaragua, Niger, Nigeria, North Macedonia, Norway, Oman, Pakistan, Palau, Panama, Papua New Guinea, Paraguay, Peru, Philippines, Poland, Portugal, Qatar, Republic of Korea, Republic of Moldova, Romania, Russian Federation, Rwanda, Samoa, Saudi Arabia, Senegal, Serbia, Seychelles, Sierra Leone, Singapore, Slovakia, Slovenia, Solomon Islands, Somalia, South Africa, South Sudan, Spain, Sri Lanka, Sudan, Suriname, Sweden, Switzerland, Syrian Arab Republic, Tajikistan, Thailand, Timor-Leste, Togo, Tonga, Trinidad and Tobago, Tunisia, Turkmenistan, Türkiye, Uganda, Ukraine, United Arab Emirates, United Kingdom, United Republic of Tanzania, United States of America, Uruguay, Uzbekistan, Vanuatu, Venezuela, Viet Nam, Yemen, Zambia, Zimbabwe.

3. **Water Pollution**:
   - Includes pollution from wastewater, industrial effluents, and agricultural runoff. Countries like Angola, Azerbaijan, Bangladesh, Benin, Bolivia, Burundi, Cameroon, Canada, Chile, China, Costa Rica, Côte d'Ivoire, Democratic Republic of the Congo, Dominican Republic, Egypt, Equatorial Guinea, Eritrea, Eswatini, Ethiopia, European Union, Fiji, Finland, France, Gabon, Ghana, Honduras, Hungary, India, Indonesia, Iran, Ireland, Israel, Japan, Jordan, Kenya, Lao People's Democratic Republic, Lebanon, Liberia, Luxembourg, Madagascar, Malaysia, Malta, Mexico, Mongolia, Morocco, Mozambique, Myanmar, Namibia, Nauru, Nepal, Netherlands, New Zealand, Nicaragua, Niger, Nigeria, North Macedonia, Norway, Oman, Pakistan, Palau, Panama, Papua New Guinea, Paraguay, Peru, Philippines, Poland, Portugal, Qatar, Republic of Korea, Republic of Moldova, Romania, Russian Federation, Rwanda, Samoa, Saudi Arabia, Senegal, Serbia, Seychelles, Sierra Leone, Singapore, Slovakia, Slovenia, Solomon Islands, Somalia, South Africa, South Sudan, Spain, Sri Lanka, Sudan, Suriname, Sweden, Switzerland, Syrian Arab Republic, Tajikistan, Thailand, Timor-Leste, Togo, Tonga, Trinidad and Tobago, Tunisia, Turkmenistan, Türkiye, Uganda, Ukraine, United Arab Emirates, United Kingdom, United Republic of Tanzania, United States of America, Uruguay, Uzbekistan, Vanuatu, Venezuela, Viet Nam, Yemen, Zambia, Zimbabwe.

4. **Air Pollution**:
   - Noted in countries such as Benin, Bolivia, Canada, China, Côte d'Ivoire, Dominican Republic, Equatorial Guinea, Ethiopia, European Union, Finland, France, Gabon, Ghana, Hungary, India, Iran, Israel, Japan, Jordan, Kenya, Luxembourg, Madagascar, Mexico, Nigeria, Russian Federation, Sierra Leone, Spain, Sweden, Tunisia, United Kingdom.

5. **Chemical Pollution**:
   - Includes hazardous chemicals, heavy metals, and industrial chemicals. Countries like Azerbaijan, Bangladesh, Benin, Bolivia, Botswana, Burundi, Cabo Verde, Cameroon, Canada, Central African Republic, Chad, Chile, China, Comoros, Costa Rica, Côte d'Ivoire, Democratic Republic of the Congo, Djibouti, Dominican Republic, Egypt, Equatorial Guinea, Eritrea, Eswatini, Ethiopia, European Union, Fiji, Finland, France, Gabon, Ghana, Honduras, Hungary, India, Indonesia, Iran, Ireland, Israel, Japan, Jordan, Kenya, Lao People's Democratic Republic, Lebanon, Lesotho, Liberia, Luxembourg, Madagascar, Malaysia, Malta, Marshall Islands, Mexico, Mongolia, Morocco, Mozambique, Myanmar, Namibia, Nauru, Nepal, Netherlands, New Zealand, Nicaragua, Niger, Nigeria, North Macedonia, Norway, Oman, Pakistan, Palau, Panama, Papua New Guinea, Paraguay, Peru, Philippines, Poland, Portugal, Qatar, Republic of Korea, Republic of Moldova, Romania, Russian Federation, Rwanda, Samoa, Saudi Arabia, Senegal, Serbia, Seychelles, Sierra Leone, Singapore, Slovakia, Slovenia, Solomon Islands, Somalia, South Africa, South Sudan, Spain, Sri Lanka, Sudan, Suriname, Sweden, Switzerland, Syrian Arab Republic, Tajikistan, Thailand, Timor-Leste, Togo, Tonga, Trinidad and Tobago, Tunisia, Turkmenistan, Türkiye, Uganda, Ukraine, United Arab Emirates, United Kingdom, United Republic of Tanzania, United States of America, Uruguay, Uzbekistan, Vanuatu, Venezuela, Viet Nam, Yemen, Zambia, Zimbabwe.

6. **Soil Pollution**:
   - Includes contamination from agricultural chemicals and industrial activities. Countries like Austria, Azerbaijan, Bangladesh, Benin, Bolivia, Botswana, Burundi, Cabo Verde, Cameroon, Canada, Central African Republic, Chad, Chile, China, Comoros, Costa Rica, Côte d'Ivoire, Democratic Republic of the Congo, Djibouti, Dominican Republic, Egypt, Equatorial Guinea, Eritrea, Eswatini, Ethiopia, European Union, Fiji, Finland, France, Gabon, Ghana, Honduras, Hungary, India, Indonesia, Iran, Ireland, Israel, Japan, Jordan, Kenya, Lao People's Democratic Republic, Lebanon, Lesotho, Liberia, Luxembourg, Madagascar, Malaysia, Malta, Marshall Islands, Mexico, Mongolia, Morocco, Mozambique, Myanmar, Namibia, Nauru, Nepal, Netherlands, New Zealand, Nicaragua, Niger, Nigeria, North Macedonia, Norway, Oman, Pakistan, Palau, Panama, Papua New Guinea, Paraguay, Peru, Philippines, Poland, Portugal, Qatar, Republic of Korea, Republic of Moldova, Romania, Russian Federation, Rwanda, Samoa, Saudi Arabia, Senegal, Serbia, Seychelles, Sierra Leone, Singapore, Slovakia, Slovenia, Solomon Islands, Somalia, South Africa, South Sudan, Spain, Sri Lanka, Sudan, Suriname, Sweden, Switzerland, Syrian Arab Republic, Tajikistan, Thailand, Timor-Leste, Togo, Tonga, Trinidad and Tobago, Tunisia, Turkmenistan, Türkiye, Uganda, Ukraine, United Arab Emirates, United Kingdom, United Republic of Tanzania, United States of America, Uruguay, Uzbekistan, Vanuatu, Venezuela, Viet Nam, Yemen, Zambia, Zimbabwe.

7. **Noise and Light Pollution**:
   - Mentioned in countries like France, Luxembourg, Malta, Spain, Sweden.

### Summary of Clusters:

- **Agricultural Pollution**: This cluster includes nutrient and pesticide pollution, which are prevalent in many countries due to agricultural activities. Efforts are focused on reducing the use of fertilizers and pesticides to prevent runoff and contamination of water bodies.

- **Plastic Pollution**: A widespread issue, plastic pollution is addressed by many countries through measures to reduce single-use plastics, enhance recycling, and prevent plastic waste from entering natural environments.

- **Water Pollution**: This includes pollution from wastewater, industrial effluents, and agricultural runoff. Countries are implementing wastewater treatment and monitoring systems to improve water quality.

- **Air Pollution**: Countries are targeting emissions from industrial, transportation, and agricultural sources to improve air quality and reduce health risks.

- **Chemical Pollution**: This involves hazardous chemicals and industrial pollutants. Countries are regulating chemical use and promoting safer alternatives to minimize environmental and health impacts.

- **Soil Pollution**: Often linked to agricultural and industrial activities, soil pollution is addressed through sustainable land management practices and remediation efforts.

- **Noise and Light Pollution**: These types of pollution are less commonly mentioned but are recognized for their impact on biodiversity and human health, with efforts to regulate and minimize their effects."
